{
  "controller": "pl-rich-text-editor.py",
  "dependencies": {
    "nodeModulesScripts": [
      "quill/dist/quill.min.js",
      "quilljs-markdown/dist/quilljs-markdown.js",
      "showdown/dist/showdown.js",
      "he/he.js",
      "dompurify/dist/purify.min.js"
    ],
    "nodeModulesStyles": [
      "quill/dist/quill.snow.css",
      "quill/dist/quill.bubble.css",
      "quilljs-markdown/dist/quilljs-markdown-common-style.css"
    ],
    "elementScripts": ["pl-rich-text-editor.js"],
    "elementStyles": ["pl-rich-text-editor.css"]
  }
}
